{
  "components": [
    {
      "data": {
        "contents_checksum": "d076d76898f42e3cf0cd34135b0af8dd0ae8eb5e73f5aa99d1bf0c3a35206247",
        "source": "",
        "type": "tar"
      },
      "dependencies": [
        "bq",
        "core"
      ],
      "details": {
        "description": "Provides the bq tool for interacting with the BigQuery service.",
        "display_name": "BigQuery Command Line Tool (Platform Specific)"
      },
      "gdu_only": false,
      "id": "bq-win",
      "is_configuration": false,
      "is_hidden": true,
      "is_required": false,
      "platform": {
        "operating_systems": [
          "WINDOWS"
        ]
      },
      "platform_required": false,
      "version": {
        "build_number": 20250711193911,
        "version_string": "2.1.19"
      }
    }
  ],
  "revision": 20250711193911,
  "schema_version": {
    "no_update": false,
    "url": "https://dl.google.com/dl/cloudsdk/channels/rapid/google-cloud-sdk.tar.gz",
    "version": 3
  },
  "version": "530.0.0"
}