{
  "components": [
    {
      "data": {
        "contents_checksum": "62fc47992a746c10601481be90ec50e2d92272b818f8f4eea4c3a5a0725e9001",
        "source": "",
        "type": "tar"
      },
      "dependencies": [
        "bq-nix",
        "bq-win",
        "core"
      ],
      "details": {
        "description": "Provides the bq tool for interacting with the BigQuery service.",
        "display_name": "BigQuery Command Line Tool"
      },
      "gdu_only": false,
      "id": "bq",
      "is_configuration": false,
      "is_hidden": false,
      "is_required": false,
      "platform": {},
      "platform_required": false,
      "version": {
        "build_number": 20250711193911,
        "version_string": "2.1.19"
      }
    }
  ],
  "revision": 20250711193911,
  "schema_version": {
    "no_update": false,
    "url": "https://dl.google.com/dl/cloudsdk/channels/rapid/google-cloud-sdk.tar.gz",
    "version": 3
  },
  "version": "530.0.0"
}