{
  "components": [
    {
      "data": {
        "contents_checksum": "71ba47579f8eebf6a133d8f4c5663bb4d2b22fab1a5e714e0638167a9da3cae6",
        "source": "",
        "type": "tar"
      },
      "dependencies": [
        "bundled-python3-unix",
        "core-nix",
        "core-win",
        "gcloud-deps",
        "ssh-tools"
      ],
      "details": {
        "description": "Handles all core functionality for the Google Cloud CLI.",
        "display_name": "Google Cloud CLI Core Libraries"
      },
      "gdu_only": false,
      "id": "core",
      "is_configuration": false,
      "is_hidden": false,
      "is_required": true,
      "platform": {},
      "platform_required": false,
      "version": {
        "build_number": 20250711193911,
        "version_string": "2025.07.11"
      }
    }
  ],
  "revision": 20250711193911,
  "schema_version": {
    "no_update": false,
    "url": "https://dl.google.com/dl/cloudsdk/channels/rapid/google-cloud-sdk.tar.gz",
    "version": 3
  },
  "version": "530.0.0"
}