{
  "components": [
    {
      "data": {
        "contents_checksum": "018c43b01757a32f6ca05f7fc332f07526e899b1e4f46ef8f79ba796d60076eb",
        "source": "",
        "type": "tar"
      },
      "dependencies": [
        "core",
        "gsutil"
      ],
      "details": {
        "description": "Provides the gsutil tool for interacting with Google Cloud Storage.",
        "display_name": "Cloud Storage Command Line Tool (Platform Specific)"
      },
      "gdu_only": true,
      "id": "gsutil-win",
      "is_configuration": false,
      "is_hidden": true,
      "is_required": false,
      "platform": {
        "operating_systems": [
          "WINDOWS"
        ]
      },
      "platform_required": false,
      "version": {
        "build_number": 20250711193911,
        "version_string": "5.35"
      }
    }
  ],
  "revision": 20250711193911,
  "schema_version": {
    "no_update": false,
    "url": "https://dl.google.com/dl/cloudsdk/channels/rapid/google-cloud-sdk.tar.gz",
    "version": 3
  },
  "version": "530.0.0"
}